{
  "Use Non-ASCII Font" : false,
  "Tags" : [

  ],
  "Ansi 12 Color" : {
    "Green Component" : 0.64410710334777832,
    "Blue Component" : 0.95445334911346436,
    "Red Component" : 0.32856267690658569
  },
  "Ansi 7 Color" : {
    "Green Component" : 0.93607044219970703,
    "Blue Component" : 0.93608629703521729,
    "Red Component" : 0.93609845638275146
  },
  "Ansi 8 Color" : {
    "Green Component" : 0.25882354378700256,
    "Blue Component" : 0.25882354378700256,
    "Red Component" : 0.25882354378700256
  },
  "Bold Color" : {
    "Green Component" : 0.078879080712795258,
    "Blue Component" : 0.12038997560739517,
    "Red Component" : 0.718147873878479
  },
  "Ansi 9 Color" : {
    "Green Component" : 0.23034398257732391,
    "Blue Component" : 0.24844314157962799,
    "Red Component" : 0.90986210107803345
  },
  "Ansi 4 Color" : {
    "Green Component" : 0.3064875602722168,
    "Blue Component" : 0.69954341650009155,
    "Red Component" : 0.07626015692949295
  },
  "Ansi 5 Color" : {
    "Green Component" : 0,
    "Blue Component" : 0.53314954042434692,
    "Red Component" : 0.33559250831604004
  },
  "Rows" : 30,
  "Default Bookmark" : "No",
  "Cursor Guide Color" : {
    "Red Component" : 0.70213186740875244,
    "Color Space" : "sRGB",
    "Blue Component" : 1,
    "Alpha Component" : 0.25,
    "Green Component" : 0.9268307089805603
  },
  "Non-ASCII Anti Aliased" : true,
  "Use Bright Bold" : true,
  "Ansi 10 Color" : {
    "Green Component" : 0.73019099235534668,
    "Blue Component" : 0.22740326821804047,
    "Red Component" : 0.47961589694023132
  },
  "Ambiguous Double Width" : false,
  "Jobs to Ignore" : [
    "rlogin",
    "ssh",
    "slogin",
    "telnet"
  ],
  "Ansi 15 Color" : {
    "Green Component" : 0.84936714172363281,
    "Blue Component" : 0.84938156604766846,
    "Red Component" : 0.8493925929069519
  },
  "Foreground Color" : {
    "Green Component" : 0.89727580547332764,
    "Blue Component" : 0.89729100465774536,
    "Red Component" : 0.89730262756347656
  },
  "Working Directory" : "\/Users\/bsmith",
  "Blinking Cursor" : true,
  "Disable Window Resizing" : true,
  "Sync Title" : false,
  "Prompt Before Closing 2" : false,
  "BM Growl" : true,
  "Command" : "\/usr\/local\/bin\/zsh",
  "Description" : "Default",
  "Mouse Reporting" : true,
  "Screen" : -1,
  "Selection Color" : {
    "Green Component" : 0.87323933839797974,
    "Blue Component" : 0.87325412034988403,
    "Red Component" : 0.87326544523239136
  },
  "Columns" : 100,
  "Idle Code" : 0,
  "Ansi 13 Color" : {
    "Green Component" : 0.30266252160072327,
    "Blue Component" : 0.73656630516052246,
    "Red Component" : 0.66606861352920532
  },
  "Custom Command" : "Yes",
  "ASCII Anti Aliased" : true,
  "Non Ascii Font" : "Monaco 12",
  "Vertical Spacing" : 1.0084537368222892,
  "Use Bold Font" : true,
  "Option Key Sends" : 2,
  "Selected Text Color" : {
    "Green Component" : 0.23922491073608398,
    "Blue Component" : 0.23922896385192871,
    "Red Component" : 0.23923206329345703
  },
  "Background Color" : {
    "Green Component" : 0.13542565703392029,
    "Blue Component" : 0.13233847916126251,
    "Red Component" : 0.13533444702625275
  },
  "Character Encoding" : 4,
  "Ansi 11 Color" : {
    "Green Component" : 0.91622048616409302,
    "Blue Component" : 0.18199658393859863,
    "Red Component" : 0.99857872724533081
  },
  "Use Italic Font" : true,
  "Unlimited Scrollback" : true,
  "Keyboard Map" : {
    "0xf704-0x20000" : {
      "Text" : "[1;2P",
      "Action" : 10
    },
    "0xf700-0x260000" : {
      "Text" : "[1;6A",
      "Action" : 10
    },
    "0x37-0x40000" : {
      "Text" : "0x1f",
      "Action" : 11
    },
    "0x32-0x40000" : {
      "Text" : "0x00",
      "Action" : 11
    },
    "0xf709-0x20000" : {
      "Text" : "[17;2~",
      "Action" : 10
    },
    "0xf70c-0x20000" : {
      "Text" : "[20;2~",
      "Action" : 10
    },
    "0xf729-0x20000" : {
      "Text" : "[1;2H",
      "Action" : 10
    },
    "0xf72b-0x40000" : {
      "Text" : "[1;5F",
      "Action" : 10
    },
    "0xf705-0x20000" : {
      "Text" : "[1;2Q",
      "Action" : 10
    },
    "0xf703-0x260000" : {
      "Text" : "[1;6C",
      "Action" : 10
    },
    "0xf700-0x220000" : {
      "Text" : "[1;2A",
      "Action" : 10
    },
    "0xf701-0x280000" : {
      "Text" : "0x1b 0x1b 0x5b 0x42",
      "Action" : 11
    },
    "0x38-0x40000" : {
      "Text" : "0x7f",
      "Action" : 11
    },
    "0x33-0x40000" : {
      "Text" : "0x1b",
      "Action" : 11
    },
    "0xf703-0x220000" : {
      "Text" : "[1;2C",
      "Action" : 10
    },
    "0xf701-0x240000" : {
      "Text" : "[1;5B",
      "Action" : 10
    },
    "0xf70d-0x20000" : {
      "Text" : "[21;2~",
      "Action" : 10
    },
    "0xf702-0x260000" : {
      "Text" : "[1;6D",
      "Action" : 10
    },
    "0xf729-0x40000" : {
      "Text" : "[1;5H",
      "Action" : 10
    },
    "0xf706-0x20000" : {
      "Text" : "[1;2R",
      "Action" : 10
    },
    "0x34-0x40000" : {
      "Text" : "0x1c",
      "Action" : 11
    },
    "0xf700-0x280000" : {
      "Text" : "0x1b 0x1b 0x5b 0x41",
      "Action" : 11
    },
    "0x2d-0x40000" : {
      "Text" : "0x1f",
      "Action" : 11
    },
    "0xf70e-0x20000" : {
      "Text" : "[23;2~",
      "Action" : 10
    },
    "0xf702-0x220000" : {
      "Text" : "[1;2D",
      "Action" : 10
    },
    "0xf703-0x280000" : {
      "Text" : "0x1b 0x1b 0x5b 0x43",
      "Action" : 11
    },
    "0xf700-0x240000" : {
      "Text" : "[1;5A",
      "Action" : 10
    },
    "0xf707-0x20000" : {
      "Text" : "[1;2S",
      "Action" : 10
    },
    "0xf70a-0x20000" : {
      "Text" : "[18;2~",
      "Action" : 10
    },
    "0x35-0x40000" : {
      "Text" : "0x1d",
      "Action" : 11
    },
    "0xf70f-0x20000" : {
      "Text" : "[24;2~",
      "Action" : 10
    },
    "0x19-0x60000" : {
      "Text" : "",
      "Action" : 31
    },
    "0xf703-0x240000" : {
      "Text" : "[1;5C",
      "Action" : 10
    },
    "0xf701-0x260000" : {
      "Text" : "[1;6B",
      "Action" : 10
    },
    "0xf702-0x280000" : {
      "Text" : "0x1b 0x1b 0x5b 0x44",
      "Action" : 11
    },
    "0xf72b-0x20000" : {
      "Text" : "[1;2F",
      "Action" : 10
    },
    "0x36-0x40000" : {
      "Text" : "0x1e",
      "Action" : 11
    },
    "0xf708-0x20000" : {
      "Text" : "[15;2~",
      "Action" : 10
    },
    "0xf701-0x220000" : {
      "Text" : "[1;2B",
      "Action" : 10
    },
    "0xf70b-0x20000" : {
      "Text" : "[19;2~",
      "Action" : 10
    },
    "0xf702-0x240000" : {
      "Text" : "[1;5D",
      "Action" : 10
    },
    "0x9-0x40000" : {
      "Text" : "",
      "Action" : 30
    }
  },
  "Window Type" : 0,
  "Blink Allowed" : false,
  "Cursor Type" : 1,
  "Background Image Location" : "",
  "Blur" : false,
  "Badge Color" : {
    "Red Component" : 1,
    "Color Space" : "sRGB",
    "Blue Component" : 0,
    "Alpha Component" : 0.5,
    "Green Component" : 0.1491314172744751
  },
  "Scrollback Lines" : 0,
  "Send Code When Idle" : false,
  "Close Sessions On End" : true,
  "Terminal Type" : "xterm-256color",
  "Visual Bell" : true,
  "Flashing Bell" : false,
  "Silence Bell" : false,
  "Ansi 14 Color" : {
    "Green Component" : 0.73243516683578491,
    "Blue Component" : 0.82006889581680298,
    "Red Component" : 0.14981316030025482
  },
  "Name" : "brandon",
  "Cursor Text Color" : {
    "Green Component" : 0.87323933839797974,
    "Blue Component" : 0.87325412034988403,
    "Red Component" : 0.87326544523239136
  },
  "Shortcut" : "",
  "Cursor Color" : {
    "Green Component" : 0.6861264705657959,
    "Blue Component" : 0.79186719655990601,
    "Red Component" : 0.086931481957435608
  },
  "Transparency" : 0,
  "Ansi 1 Color" : {
    "Green Component" : 0.078879080712795258,
    "Blue Component" : 0.12038997560739517,
    "Red Component" : 0.718147873878479
  },
  "Ansi 2 Color" : {
    "Green Component" : 0.4825465977191925,